1,Passo,Tessy,49 Susan Drive,Elimäki,7/22/1963,888,3974166316
2,Avramov,Lissa,61398 Summit Terrace,Charleston,6/15/1992,384,3043024282
3,Clericoates,Mathias,2 Algoma Terrace,Paris 13,1/10/1987,496,6268132350
4,Olivetti,Solomon,57 Caliangt Court,Thị Trấn Phú Mỹ,10/17/2001,425,3611714768
5,Aspey,Brien,0853 Park Meadow Place,Energodar,8/2/1979,326,6719129037
6,Rennels,Kennith,32 Ludington Terrace,Omurtag,9/7/1989,545,6589956769
7,Paszek,Ebba,3 Melrose Park,Edinburgh of the Seven Seas,12/7/2018,747,9276327075
8,Dosedale,Tani,0780 1st Court,Las Tejerías,1/4/1973,005,6164072457
9,Kershaw,Cathryn,1478 Center Way,Wajak,1/24/1975,679,8281525488
10,Tows,Horatius,486 Stuart Parkway,Coja,11/1/1981,433,6452653469
11,Waldie,Ninetta,78 Amoth Junction,Darungan Lor,7/9/1961,647,8755727690
12,Murley,Gabriell,2 Birchwood Way,Yuekou,4/9/2011,329,9075062244
13,Cabell,Skye,59 Bluestem Crossing,Badung,8/14/1985,810,3422940080
14,Gillham,Kaine,67 Emmet Place,Chengdu,2/24/2006,482,4713775401
15,Dahlback,Wini,068 Leroy Road,Chandmanĭ,3/10/1967,320,3195405789
16,Towell,Garik,266 Pearson Avenue,Huanggexi,12/7/1987,902,3161885734
17,Odams,Zilvia,41310 Laurel Plaza,Ciriri,7/28/1987,786,3058179206
18,Gearing,Mace,0 Dryden Lane,Promyshlennaya,12/4/1972,848,7034625127
19,Offiler,Amil,7 Crescent Oaks Avenue,Perbaungan,6/24/1955,281,7595000981
20,Fawdery,Shay,4642 Badeau Center,Porto Martins,7/27/1979,322,2236296530
21,Morey,Gardner,1030 Sugar Road,Kungsbacka,7/8/1969,187,7222470181
22,Saxelby,Cameron,622 Walton Hill,San Isidro,7/18/1973,782,4717832059
23,Renbold,Roderigo,1407 Mosinee Center,Kampunganyar,4/16/1986,486,2553678980
24,Binfield,Kerrie,3 Schiller Trail,Xintang,3/14/1958,081,2843223079
25,Imlach,Heinrik,7342 Lake View Trail,Libode,8/20/1952,441,3215272833
26,Dressel,Hardy,537 Vera Plaza,Pasirgaru,2/19/1965,421,3909055563
27,Outlaw,Daven,06 Kedzie Circle,Korsakovo,4/13/1966,539,7714103624
28,Ciotti,Tybie,542 Jenifer Lane,Myshkin,3/25/1969,672,9207092520
29,Buxam,Eda,70 Corry Park,Kototujuh,2/1/1957,133,6019872217
30,Cringle,Sacha,32649 Old Shore Park,Nanping,4/9/2002,712,8686228758
31,Stapleton,Jermayne,9070 Esch Way,Niš,5/3/2009,830,4499824463
32,Lyon,Rancell,2 Lakewood Court,Conceição do Araguaia,11/25/1950,186,3315528262
33,Berthelet,Olvan,44460 Burrows Crossing,Kembangkerang Lauk Timur,5/7/1956,279,6033381594
34,Dimmne,Amie,256 Myrtle Court,Monte do Outeiro,8/27/1995,735,6296642270
35,Milton,Gracia,192 Vera Lane,Santo Tomas,11/11/2014,672,7668199007
36,Dartan,Arabelle,54 Schurz Center,San Pedro,5/11/1997,526,6327165197
37,Toovey,Kelwin,522 6th Terrace,Ban Ko Lan,10/27/2018,780,1643511003
38,Toupe,Ruthann,506 Straubel Avenue,Panaoti,6/1/1996,878,7879847394
39,Kleinhausen,Morly,798 Florence Way,Üydzen,5/3/2000,700,1083534002
40,Todman,Craggy,60761 Ilene Point,Masape,12/11/1959,373,5337258332
41,Hethron,Moe,91392 Continental Place,Vera,7/14/1983,591,8092720885
42,Woliter,Barbee,587 Carioca Trail,Dubovka,10/22/1993,926,2021284587
43,Kibbye,Goober,927 Del Sol Park,Turan,9/2/2016,198,7695525548
44,Lello,Welby,7 Maple Court,Cacocum,1/3/1998,872,4543286107
45,Brachell,Tarrah,87 Morrow Crossing,Montréal-Ouest,1/8/1954,479,6692700136
46,Rookes,Celina,2 Raven Junction,Triteh,11/12/1985,852,5217623041
47,Meo,Merl,9182 Spenser Point,Kutno,2/6/1955,005,9197743343
48,Housby,Iorgo,86703 Randy Park,Chahannao,10/20/1999,524,8051484686
49,Darkin,Jane,9677 Towne Road,Sintansin,8/25/1963,054,3518693435
50,Basterfield,Doloritas,0202 Melrose Pass,Guiyang,11/16/1953,360,8787322154
51,Tunn,Onfre,72 Sutteridge Road,Zgornje Pirniče,11/23/1962,103,6773690050
52,Ramiro,Desmund,78 Pearson Lane,As Saffānīyah,5/12/1952,325,2066179433
53,Jagg,Tersina,70188 Mcbride Center,Rado,3/29/1985,684,2425236976
54,Gillhespy,Griffin,428 Bunker Hill Trail,Baliang,6/7/1984,683,6935784682
55,Tudball,Thorndike,350 Southridge Drive,Estelí,8/26/1970,183,8891231329
56,Jannasch,Norby,4753 Calypso Point,Huagu,8/12/1988,851,8153314815
57,Lopez,Stanislaw,0455 Reinke Terrace,Peixing,3/9/2003,428,1755626314
58,Olden,Kandy,4787 Fisk Trail,Neiba,6/19/2017,949,2605751152
59,Birchall,Nanon,465 Swallow Pass,Cilangkap,9/26/1967,253,8924554762
60,Leser,Clementine,54 Tony Pass,Ilyich,4/20/1993,280,9336714144
61,Christer,Darius,1144 Iowa Lane,Abricots,11/22/2018,473,4764971577
62,Alton,Shamus,697 Becker Terrace,Serra da Silveira,11/24/2003,627,5625690057
63,Abriani,Clarance,5 Pepper Wood Drive,Bai’e,8/18/1982,725,4931394804
64,Juschka,Marilyn,642 Warner Center,Shinan,1/17/1952,190,5354371539
65,Simner,Hugh,95883 Morningstar Plaza,Yuping,12/21/1992,220,9029486271
66,Cluett,Celina,41 Nancy Point,Asikkala,9/5/1989,216,3099711133
67,Carloni,Sharyl,1 Bonner Court,Urung,2/2/1981,505,9369809738
68,Addicote,Darcie,42931 Northland Circle,Ursk,5/23/1964,279,1274399385
69,Geoghegan,Gayler,08075 Elka Center,Ariguaní,3/5/2015,481,9861614926
70,Monan,Cecil,8302 Drewry Trail,Rumoi,9/30/1985,525,3492443023
71,Joslyn,Xylia,2 Village Green Lane,Hubynykha,1/11/2000,060,3561031663
72,Leech,Christal,6739 International Drive,Chak Two Hundred Forty-Nine TDA,2/2/1958,338,1083487614
73,Blague,Cecelia,357 Tennessee Place,Fraga,5/14/1955,485,6762963639
74,Finnemore,Darrick,0635 Pankratz Center,Baltimore,2/5/2009,855,4436205882
75,Skippings,Evelyn,6388 Karstens Crossing,Pingfeng,5/12/1966,541,9089888773
76,Blew,Teodoor,26 Darwin Circle,Rijswijk,10/22/1956,197,5281168237
77,Coskerry,Kettie,0 Macpherson Plaza,Mananjary,2/4/1997,782,6338199980
78,Fallen,Bryna,0 Fremont Court,Odivelas,11/10/1988,106,6332078106
79,Draysey,Leonelle,2 Susan Hill,Lávara,7/23/2010,867,8309485481
80,Guinness,Nefen,82207 Crest Line Lane,Ullulluco,10/17/1954,271,4677104768
81,Winyard,Cindie,9 6th Point,Głuchów,3/7/2018,849,6782703166
82,Dring,Philippine,55 Talmadge Center,Huanglong,4/2/1965,307,3882023047
83,Bleakman,Elinore,8918 Bobwhite Plaza,Mpika,11/14/2004,767,1641124227
84,Fawlkes,Granville,611 Monterey Pass,Yangchengzhuang,7/18/2009,587,3921056907
85,Birtonshaw,Cathie,26170 Kinsman Crossing,Xixiang,7/17/1991,031,6646903203
86,Bawdon,Madelle,6 Anniversary Road,Lučina,11/2/2014,914,1693588703
87,Robelow,Myrvyn,50 Caliangt Court,Madīnat Lab‘ūs,12/29/1979,166,4646103090
88,Lawly,Gene,53 Kings Court,Bélel,3/26/1969,276,3038703011
89,Jagoe,Fons,32289 Myrtle Terrace,Jacura,3/13/1995,532,9459381627
90,Hackworthy,Rockie,013 Ronald Regan Road,Ishige,4/4/1982,632,1003936923
91,Lay,Ilyse,733 Gina Park,Bayonne,10/14/1983,304,1473734180
92,Payze,Legra,4714 Scoville Crossing,Sobral,4/2/1987,461,1643218513
93,De Bischop,Ardath,3 Bluestem Avenue,Åkersberga,8/13/1958,287,5098446897
94,Sherwyn,Madison,175 Merry Park,Aimadamodo,6/4/1984,688,9567196548
95,Paradin,Eden,60919 Esker Place,Huacaschuque,2/29/1952,107,4878471545
96,Marris,Celestine,497 Fallview Pass,Qindu,8/26/1955,101,9599739663
97,Hekkert,Ange,2 Dawn Center,Embu,1/26/1953,552,5213964061
98,Dunckley,Orsa,1506 Kropf Center,Chixi,9/5/2001,570,4138846267
99,Brooks,Olivero,2 Rusk Center,Boconó,3/1/2001,192,7504794606
100,Charrisson,Fredric,200 Portage Crossing,Brengkok,2/4/1955,289,6992201350
101,Fuller,Lizzy,828 Becker Court,Goya,12/4/1954,608,6291960420
102,Shakespear,Adan,29597 Oak Valley Junction,Llacanora,9/3/2016,487,7466452095
103,Cockshutt,Tulley,7 Bluejay Court,Fangfan,8/14/1960,536,5145964788
104,Mugridge,Ferrell,69879 Scott Avenue,Zaolin,9/20/1971,338,2594912203
105,Shermore,Demetrius,88280 Muir Road,Umm al Qaywayn,10/2/1987,782,6815890570
106,Dreye,Temple,97 Dakota Plaza,Qingshuihe,3/13/2005,544,2444847177
107,Conningham,Cari,2 Golf View Trail,Centralniy,2/20/1953,911,4816482716
108,Dogerty,Leilah,9209 Express Center,Har Nur,1/6/1955,460,1585439347
109,Gounet,Borg,12 Weeping Birch Place,Zlatni Pyasatsi,6/4/2014,067,4441945372
110,Gresly,Genny,68 Monica Park,Belovodskoye,1/22/1968,747,6543265297
111,Welldrake,Kirstyn,11982 Darwin Alley,Zoumaling,5/18/2011,621,5527895763
112,Peret,Morgen,8 Sycamore Crossing,Alvega,4/12/2017,726,9117173144
113,Linnane,Alecia,7 Randy Point,Nglojo,1/15/2000,426,9665039978
114,Edgerton,Bartlett,811 Wayridge Center,Gunung Talang,5/30/2017,037,9276007905
115,Neillans,Adriena,72 Holy Cross Trail,Shipaidong,6/22/2011,853,9843564094
116,Barg,Shelly,41763 Hoard Center,Cipatat,9/4/1995,314,9284244258
117,Jakubovsky,Kasey,67663 Holmberg Lane,Mahalapye,9/27/1983,238,3328980889
118,Petrollo,Marcelia,9 Helena Park,Kivsharivka,2/16/1982,020,4764570535
119,Roland,Tome,09 Rusk Plaza,Fastiv,2/15/1962,282,5159625621
120,Corson,Cullan,7574 Burning Wood Place,Masjid,3/30/1980,733,1556183423
121,Benedtti,Noemi,95 Rieder Circle,San Vicente,3/19/1991,480,4612074235
122,Batie,Ravid,97795 Porter Circle,Tomice,6/14/2001,886,4102896115
123,Gregh,Johnny,93468 Pennsylvania Street,Aucayacu,12/19/1988,330,5291810968
124,Harbert,Katinka,02 Graedel Parkway,Wesoła,3/12/2009,879,3204625432
125,Neiland,Dedra,0106 Fisk Terrace,Bularit,5/14/1998,210,8513600433
126,Peschke,Lamont,06453 Trailsway Alley,Bitanjuan,7/19/1988,287,4575194056
127,Stollenhof,Harcourt,3842 Ridgeview Avenue,Ciparakan,3/1/2004,179,1982269131
128,Tolmie,Jervis,8481 Artisan Parkway,Gadzhiyevo,6/15/2011,943,1659010557
129,Petrasso,Jorry,690 Main Parkway,Pesagen,9/18/1977,850,8353531398
130,Barnfather,Vale,14 Maywood Way,Villa Mercedes,11/14/1989,479,8199191378
131,Eglise,Lanae,59799 Cottonwood Point,Medveditskiy,6/13/1950,330,1275241732
132,Dalzell,Sibyl,86906 Fairview Way,Palpalá,11/18/1995,379,2669650132
133,Bradtke,Arabele,1548 Loftsgordon Hill,Mortka,5/4/1963,158,4439783279
134,Ayer,Richmond,80 David Street,Singosari,5/21/2013,198,5825602323
135,Meenan,Terri,4 Daystar Way,Princeville,5/1/1985,751,7942221331
136,Gitting,Lesli,9 Anderson Court,Collingwood,8/1/1994,792,9279896881
137,Peach,Marilyn,250 Melvin Circle,Pila,4/11/2000,062,8579327085
138,Kyne,Micah,91918 Scofield Avenue,Qixia,10/30/1972,804,5079658460
139,Portigall,Roselin,06151 Haas Street,Uppsala,12/7/1973,177,9934413722
140,Addis,Bonnie,219 High Crossing Lane,Isak,3/11/1969,868,2315911219
141,Ritson,Missie,0 Rowland Center,Rumburk,6/4/1998,023,5837867095
142,Gavey,Lydia,0 Nancy Junction,Potulando,5/11/2002,964,1687855098
143,Dumberrill,Marco,35246 Fremont Plaza,As Suwaydā’,8/27/2006,933,5475723857
144,Aisbett,Mill,25 Fairfield Pass,Athabasca,8/5/1980,553,5011535796
145,Nickolls,Zelig,1329 Golf Course Place,Nauchnyy Gorodok,8/30/1998,266,9383360026
146,Harsnipe,Jeannine,38128 Londonderry Plaza,Kvasiny,8/1/1956,117,1164659415
147,Beamish,Ellsworth,9734 Welch Terrace,Lefkoniko,9/19/2010,829,5264790025
148,Dorman,Fionnula,22669 Lyons Parkway,Skrunda,10/2/2000,066,6322135478
149,Berth,Amerigo,17 Anzinger Pass,Isla Pucú,9/19/1956,227,7707977449
150,Enrietto,Lazaro,84 Veith Plaza,Liquica,10/6/1972,893,4953166159
151,Hackley,Gabrila,9 Paget Point,Stockholm,4/30/2003,596,9866846130
152,Asquez,Camilla,33598 Nobel Terrace,Nema,7/19/1990,020,1498590415
153,O' Ronan,Ros,98583 Green Lane,Marseille,8/8/1953,463,2592811937
154,Follacaro,Trudy,8504 Southridge Way,Reconquista,9/11/2017,995,2397291274
155,Veldstra,Ambrosius,79385 Sunfield Court,Harper,3/23/1952,045,1492053317
156,Tudhope,Wallace,08708 Rigney Road,Yaojiagou,11/30/1995,810,6837053496
157,Litherland,Efrem,2 Fairview Pass,Semīrom,6/2/1998,573,4472667665
158,MacFaul,Justinn,4 Spenser Center,Goodlands,7/12/1963,964,8836026267
159,Kingsworth,Inesita,04 Lakewood Gardens Center,Ji’an,12/17/1961,737,2105753383
160,Moult,Chris,61 Texas Circle,Chengfeng,12/3/1952,246,3051907391
161,Guyan,Kally,53919 Red Cloud Point,Shamanka,7/5/1971,125,4742292492
162,Richmond,Shelton,07116 Dapin Court,Kurchatov,3/8/1974,196,4116836269
163,Crump,Grenville,864 Orin Avenue,Xiaolin,11/17/2005,471,1961550716
164,Klehyn,Tommi,79968 Lukken Road,Kalmar,10/14/2008,121,5351256861
165,Varker,Valaria,2 Reindahl Junction,Waru,7/8/1968,454,9583328692
166,Litchmore,Orel,749 Fallview Circle,Lupo,12/29/1952,357,8519699031
167,Gyurkovics,Shelby,723 Stoughton Avenue,Estarreja,2/25/2000,668,9136234354
168,Slader,Caprice,06 Fair Oaks Street,San Ramon,11/14/1951,552,9275610523
169,Povey,Nadine,67781 Algoma Plaza,El Zulia,12/18/2005,785,4766815222
170,Littlefield,Miguelita,961 Nobel Trail,Nong Hin,2/3/1978,876,2706683557
171,Lauder,Caryn,06634 Bayside Street,Shiyaogou,9/23/1983,614,5976639518
172,Freddi,Cyrill,641 Monica Terrace,Sedayulawas,6/25/2001,080,2915056413
173,Hagerty,Augy,41615 Gale Road,Shardara,8/26/1952,398,9042518609
174,Agates,Lilla,14 Leroy Drive,Lapuyan,9/14/1967,491,7487523956
175,Wilford,Ashien,753 Onsgard Way,Huangtukuang,6/23/1964,828,9359727104
176,Lindenbluth,Alric,719 Vidon Drive,Beiwucha,8/3/1954,923,5872476239
177,Wahncke,Robers,26 Morrow Drive,Kingston,6/10/2001,962,8867454554
178,Flaonier,Maia,43 Magdeline Court,Perštejn,1/21/1956,869,5352037454
179,Pharaoh,Robb,08 Hanson Lane,Kumla,5/31/1964,264,9513839271
180,Starbuck,Flossie,49545 Superior Crossing,Akhaldaba,10/9/1970,343,8385124068
181,Agar,Goober,147 Dahle Crossing,Ţammūn,4/10/1963,723,3042563089
182,Norris,Niko,63 Prentice Terrace,Dalu,10/31/1984,608,4557316148
183,Tulley,Maximilian,8 Thackeray Lane,Tuchoměřice,1/20/2007,538,8261323172
184,Motten,Cariotta,1194 Melrose Street,Sathing Phra,12/13/1994,431,7788836654
185,Renoden,Shelli,77 Kropf Plaza,Jitan,3/3/2007,261,8483714523
186,Allington,Robbyn,8581 Oneill Avenue,Huadian,8/22/2012,836,7021496841
187,Keogh,Thatch,004 Becker Hill,San Juan Opico,3/21/1963,378,2223500396
188,Dossett,Murry,71 Bunting Junction,Anjiang,10/30/1951,611,9203343013
189,Saunter,Diena,7 Jay Park,Revolucion Verde,4/9/1952,623,8673499351
190,Bowkley,Carolyn,6 Pearson Center,Longwy,10/27/2017,571,8911804473
191,Brilleman,Silvio,7171 Meadow Valley Avenue,Russkiy,11/22/1988,107,4187320269
192,Marsie,Gert,78 Stang Plaza,Nijemci,7/17/1964,202,5139234251
193,Vertey,Pepita,51172 Eastlawn Crossing,Poá,11/28/1988,052,1248622906
194,Rogge,Winston,36 Marquette Street,Yacuíba,5/21/1956,726,9135996518
195,Ross,Ronalda,5646 Rigney Terrace,Xike,1/12/1977,715,5361097525
196,Sealy,Agace,741 Shelley Place,Dongen,12/13/1992,465,1242060069
197,Dryden,Wes,5 Mayfield Alley,Bontoc,2/25/2002,305,6568156421
198,Eydel,Tybalt,794 Bluejay Street,Praia da Vagueira,2/23/1980,002,4996219289
199,Chastaing,Cyrille,3 Vera Junction,Cibeureum Kidul,1/20/1952,212,3075436050
200,Lidgard,Janith,59 Mitchell Terrace,Baoquanshan,5/2/1973,599,9255817084
201,Kilfeather,Thorstein,1409 Stoughton Trail,Kamimaruko,5/19/1979,228,8858683452
202,Sawle,Lesley,9 Pierstorff Pass,Houjiachuan,1/9/1962,555,9951166197
203,Teodoro,Bertrand,13 Thackeray Pass,Dongmazar,5/15/1972,423,6293716878
204,Fairtlough,Niki,624 Ilene Place,Pingli,8/7/1970,540,4035353256
205,Casely,Onofredo,668 Northridge Hill,Goundi,7/13/1952,153,3201216749
206,Wilkisson,Poppy,49 Doe Crossing Avenue,Keles Timur,9/6/1963,986,8578822927
207,Elgar,Miranda,65 Onsgard Parkway,Čeladná,9/23/1962,479,3807948752
208,Reims,Jacqui,384 Fremont Avenue,Los Algarrobos,2/27/1963,481,7684259393
209,Reynoldson,Caralie,511 Reindahl Junction,Yeliguan,4/6/1959,645,6635945377
210,Poltone,Dionysus,160 Waubesa Lane,Sundsvall,5/29/1978,553,7362619700
211,Topper,Nert,01946 Glacier Hill Junction,Qikeshu,1/7/1976,340,5568188267
212,O'Deegan,Eachelle,492 Garrison Street,Lanos,7/25/1989,846,8831827975
213,Troake,Herman,81824 Shelley Court,Verkhnyaya Khava,7/11/2004,624,4342834657
214,Macieja,Delores,14917 Hoard Pass,Salvacion,3/26/1959,253,3461703316
215,Overland,Virgie,92 Chinook Parkway,Fujioka,12/19/2012,487,7144050906
216,Huster,Eugen,4 Welch Alley,Caramay,1/2/2002,319,1742467555
217,Mabone,Ianthe,76 Morrow Parkway,San Sebastian,2/21/1989,361,5417084512
218,Florence,Junina,8 Eagle Crest Center,Bamut,7/2/1999,820,8976469210
219,Marriage,Gifford,1 Doe Crossing Court,Tongkiling,2/18/1962,450,3984447416
220,Betho,Morrie,40040 Hovde Avenue,El Ingenio,5/16/2017,224,3489071222
221,Lahive,Sandro,21688 Bonner Drive,Villanueva,8/9/2014,105,7881725240
222,Krysztofowicz,Knox,64525 Stone Corner Center,Brnaze,2/6/1974,056,9618143189
223,Leteurtre,Raquel,0 Dottie Trail,Tha Bo,5/30/2012,518,7913517183
224,Hazard,Nerita,8 West Terrace,Babakan,9/1/1995,186,4947928934
225,Escala,Van,55 Melrose Center,Jevremovac,11/19/2017,662,5917767082
226,Gaine,Cloe,4241 Di Loreto Drive,Pepe,4/22/1985,407,6987028549
227,Mizen,Adi,75340 New Castle Street,Lufang,5/5/1985,077,6802459678
228,Skeleton,Theo,26 Sommers Terrace,Ngrejo,4/4/1970,694,6101933376
229,Ruff,Alard,8955 Bonner Pass,Hufeng,2/1/1981,216,5945403907
230,Brusby,Antonius,77035 Vahlen Junction,Brovary,5/29/1979,209,5177704984
231,Kaine,Corby,159 Ronald Regan Hill,Cayenne,9/3/1977,120,4517339140
232,Aitken,Terza,1 Bowman Drive,San Vicente Centenario,2/28/2010,857,6383388808
233,Gatiss,Arin,9374 John Wall Alley,Jiwei,3/29/1986,951,3858446793
234,Mease,Valentin,55 Lighthouse Bay Court,Shiyu,11/17/1953,149,5065028941
235,Laimable,Vassily,3 Mendota Road,Zásmuky,3/4/2000,990,1309456406
236,Roaf,Paten,7 Dixon Road,Yŏnmu,2/7/1980,613,6537057992
237,Le Pine,Sanson,967 Barby Street,Dūst Moḩammad Khān,8/16/2006,112,3276112053
238,Giron,Daisey,622 Hintze Court,Sukajadi,9/9/1993,709,7358054723
239,De Malchar,Joel,1 Gateway Hill,Vereshchagino,7/7/1975,949,9186482415
240,Leonida,Harcourt,25867 Tomscot Trail,Đắk Glei,7/15/1974,131,8083742477
241,Geraudel,Berna,9 Alpine Drive,Santa Venera,7/9/2014,275,1838103351
242,Olman,Gerhardt,1064 Di Loreto Hill,Benjamin Constant,1/27/1987,401,9177823716
243,Munks,Dominik,6 Buhler Point,Longchiqiao,11/26/1976,041,5727598347
244,Saunton,Morten,81309 Nobel Park,Banjar Kubu,4/28/2005,838,9166129314
245,Terrelly,Erv,8 Golf Course Alley,Nanbin,6/5/1964,336,5334717871
246,McLeman,Shurlock,96126 Dayton Hill,Novoselitsa,2/14/1977,730,8347106794
247,Attow,Griffie,12 Main Way,Bangkal,8/17/1962,885,9093363255
248,Tresise,Fayre,72 Shopko Way,Koumac,10/27/1951,420,8393751230
249,Jest,Lou,8619 John Wall Hill,Bukhovo,4/23/1964,877,8184660626
250,Redler,Adolf,0979 Merry Place,Libmanan,5/27/2015,149,3725215817
